<?xml version = "1.0" encoding = "UTF-8" ?>

<venus>
		<catagory type = "classical">
				<movie_name>Beethoven's Symphony No. 9</movie_name>
				<year>1999</year>
				<actor_name>various</actor_name>
		</catagory>
		<catagory type = "Action">
				<movie_name>Die Hard</movie_name>
				<year>1988</year>
				<actor_name>Bruce Wills</actor_name>
		</catagory>
		<catagory type = "Horror">
				<movie_name>The Exorcist</movie_name>
				<year>1980</year>
				<actor_name>Jack Nicholson</actor_name>
		</catagory>
</venus>