<?xml version = "1.0" encoding = "UTF-8" ?>

<CricketTeam>
	<cricket>
		<player> Sachin Tendulkar </player>
		<runs> 2000 </runs>
		<wicket> 100 </wicket>
		<noofnotout> 20 </noofnotout>
	</cricket>
	<cricket>
		<player>Virat</player>
		<runs> 1500 </runs>
		<wicket> 50 </wicket>
		<noofnotout> 15 </noofnotout>
	</cricket>
	<cricket>
		<player> Rohit Sharma </player>
		<runs> 1000 </runs>
		<wicket> 150 </wicket>
		<noofnotout> 30 </noofnotout>
	</cricket>
	<cricket>
		<player> Hardik Pandya </player>
		<runs> 2500 </runs>
		<wicket> 120 </wicket>
		<noofnotout> 10 </noofnotout>
	</cricket>
	<cricket>
		<player> Shubman Gill </player>
		<runs> 500 </runs>
		<wicket> 10 </wicket>
		<noofnotout> 25 </noofnotout>
	</cricket>
</CricketTeam>