<?xml version = "1.0" encoding = "UTF-8" ?>

<?xml-stylesheet type = "text/css" href = "university.css" ?>
<university>
	<univ>
		<uname>Pune University</uname>
		<city>Pune</city>
		<rank>1</rank>
	</univ>
	<univ>
		<uname>Bharti Vidyapith</uname>
		<city>Pune</city>
		<rank>2</rank>
	</univ>
	<univ>
		<uname>Guru Gobind Singh University</uname>
		<city>New Delhi</city>
		<rank>3</rank>
	</univ>
	<univ>
		<uname>University of Hyderabad</uname>
		<city>Hyderabad</city>
		<rank>4</rank>
	</univ>
</university>