<?xml version="1.0" encoding="UTF-8"?> 

<books> 
	<book> 
		<code>101</code>
		<name>Web Programming</name> 
		<author>Chrisbates</author>  
		<year>1999</year> 
		<price>300</price> 
	</book> 
	<book> 
		<code>102</code>
		<name>Internet world-wide-web</name> 
		<author>Ditel</author> 
		<year>2010</year> 
		<price>400</price> 
	</book> 
	<book> 
		<code>103</code> 
		<name>Computer Networks</name> 
		<author>Foruouzan</author>  
		<year>2015</year> 
		<price>700</price> 
	</book> 
	<book> 
		<code>104</code> 
		<name>DBMS Concepts</name>
		<author>Navath</author>  
		<year>1998</year> 
		<price>600</price> 
	</book> 
	<book> 
		<code>105</code>
		<name>Linux Programming</name> 
		<author>Subhitab Das</author> 
		<year>1990</year> 
		<price>300</price> 
	</book> 
</books> 
