<?xml version = "1.0" encoding = "UTF-8" ?>

<bookstore>
		<php>
							<title>Programming PHP</title>
							<publication>orelly</publication>
							<price>800</price>
					</php>
					<php>
							<title>Beginners PHP</title>
							<publication>wrox</publication>
							<price>900</price>
					</php>
					<php>
							<title>Advanced PHP</title>
							<publication>nirali</publication>
							<price>700</price>
					</php>
					<php>
							<title>PHP</title>
							<publication>thakur</publication>
							<price>500</price>
					</php>
					<php>
							<title>PHP</title>
							<publication>nirali</publication>
							<price>600</price>
					</php>		
</bookstore>